Titulo,Nombre del Canal,Subcriptores,Vistas Totales,Numero de Comentarios,Direccion,Ratio
Лучшая форекс стратегия для Золото,MarkOptions,16500,13604,169,https://www.youtube.com/watch?v=Mo6UdvRhbCw,21915319526.62722
Форекс стратегия  для золота,MarkOptions,16500,5195,298,https://www.youtube.com/watch?v=gu6MQbyvOHQ,4746103187.919463
Индикаторная стратегия Снайпер для торговли золотом XAUUSD,Торговые стратегии,73500,9336,646,https://www.youtube.com/watch?v=PQt2PjSt5q4,78073383900.92877
Торговая стратегия форекс для скальпинга на золоте,Торговые стратегии,73500,7547,242,https://www.youtube.com/watch?v=XonpdFYaSKE,168474300619.83472
Лучшая форекс стратегия для Золота - анализ рынка 👌,Владимир Головатенко,1870,3154,12,https://www.youtube.com/watch?v=b9TODKN64_c,919101883.3333334
+3650 пунктов - Стратегия форекс «Грабеж» для XAUUSD (золота),Стратегии ФОРЕКС,13300,4299,15,https://www.youtube.com/watch?v=szTDxudeBhY,50696674000.00001
ЛУЧШИЕ СТРАТЕГИИ ТЕХНИЧЕСКОГО АНАЛИЗА РЫНКА. КАК Я ПРОВОЖУ ТЕХАНАЛИЗ. ВАЛЮТЫ ИНДЕКСЫ ЗОЛОТО НЕФТЬ,Аркадий Романович,30000,1675,4,https://www.youtube.com/watch?v=NzhxD4HrCt4,376875000000.00006
JUMP BOSS - торговая стратегия для золота,Антон Рожновский,36300,986,2,https://www.youtube.com/watch?v=LV7g0HcZpE4,649621170000.0
Скальпинг золота XAUUSD на разных таймфреймах форекс,Торговые стратегии,73500,2676,31,https://www.youtube.com/watch?v=Pn1bSjKQ6q0,466336161290.32263
стратегии для золота форекс,Торговые сигналы форекс,13,29,0,https://www.youtube.com/watch?v=SyecVDtL6mM,inf
Как торговать золото? Рабочая стратегия №1 на Forex,ОБУЧЕНИЕ ТРЕЙДИНГУ НА БИРЖЕ,5640,9571,36,https://www.youtube.com/watch?v=8Q6aEnhpviA,8456935599.999999
Стратегия для золота – Super Precision Strategy,Grand Capital,5660,530,8,https://www.youtube.com/watch?v=AGF8_ygxm7o,2122358500.0
15 минутная стратегия форекс как заработать на 15 минутке,Торговые стратегии,73500,6972,381,https://www.youtube.com/watch?v=XM3dGw-WV7I,98856921259.84251
Стратегия - Пробой дня на золоте,investwm,2480,3388,4,https://www.youtube.com/watch?v=l8ibcGK-380,5209388800.0
😧🔥ЗОЛОТО рвет РЫНОК!💸ЗАРАБОТАЛ на этом #трейдинг #стратегия #forex #инвестиции #заработок #золото,HOT TRADERS,21700,1442,1,https://www.youtube.com/watch?v=3i-bhj9b57I,679023380000.0
Стратегия «Золото форекс»: +2900 пунктов прибыли,Стратегии ФОРЕКС,13300,7598,4,https://www.youtube.com/watch?v=oUbk_oirlzk,336002554999.99994
Лучшая торговая стратегия для начинающего трейдера. Трейдинг с нуля,Трейдер Сергей Виноградов - TradersGroup,147000,89675,99,https://www.youtube.com/watch?v=pjSkI70sgVY,19573606818181.82
стратегии для золота форекс,Алексей Приемов,3,1,0,https://www.youtube.com/watch?v=iZtWh5BIeTg,inf
Торговая стратегия для золота – Intraday GOLD,LightFX,8300,4074,18,https://www.youtube.com/watch?v=Kq5bpiz2yDE,15592103333.333334
"Золото, как инвестировать и торговать на МосБирже, 4 стратегии/ Фьючерсы, GLDRUB_TOM, и другие.",Адамович Алексей - обучение инвестированию,23300,4111,21,https://www.youtube.com/watch?v=xJsMxA0Cuto,106277180476.19048
"+514,61% по паре XAUUSD (золото/GOLD) — Тест стратегии форекс «Грабёж»",Стратегии ФОРЕКС,13300,878,7,https://www.youtube.com/watch?v=9Oy_by-pH_c,22187060000.0
"Тест стратегии «Кортик» для XAUUSD (золота): +204,40%",Стратегии ФОРЕКС,13300,1838,1,https://www.youtube.com/watch?v=jzOWNXiatqs,325123820000.0
СТРАТЕГИЯ коротких СДЕЛОК: Лучшая 1-минутная торговая стратегия! [91% успеха],Gerchik & Co,152000,59350,113,https://www.youtube.com/watch?v=ZUdEaoWW79o,12134711504424.78
Золото. Стратегии торговли во флете,Аркадий Романович,30000,1274,1,https://www.youtube.com/watch?v=DIJXrRYWtp4,1146600000000.0
Скальпинг на ЗОЛОТЕ! Лучшая объёмная стратегия! #золото#scalping#трейдинг#forex#forextrading,Онлайн торговля на рынке FOREX! PRO ОБУЧЕНИЕ! ,5880,5116,9,https://www.youtube.com/watch?v=Q4MvwIHU2Ww,19653625600.0
🔥Лучшая скальпинг стратегия торговли против толпы! Прибыль 400% к депозиту! #золото#forex#трейдинг,Онлайн торговля на рынке FOREX! PRO ОБУЧЕНИЕ! ,5880,7286,37,https://www.youtube.com/watch?v=vVv-TqZwL3Y,6808353470.270271
Выигрышная стратегия на Золото Запада,ПУТЬ К МИЛЛИОНУ ,2040,642,6,https://www.youtube.com/watch?v=7b4IbetInoo,445291200.0
42. Особенности торговли золотом. Мастер-класс Андрея Шевченко,ИнстаФорекс,46400,9546,21,https://www.youtube.com/watch?v=ivgIi-L_FvM,978674102857.1428
"ЭФФЕКТИВНАЯ СТРАТЕГИЯ XAU_USD (ЗОЛОТО, ФОРЕКС)",BADIN trade,318,4446,12,https://www.youtube.com/watch?v=ySFi_Bi7Hjs,37466442.0
Прибыльная стратегия торговли золотом,Александр Кэш,325,427,1,https://www.youtube.com/watch?v=Dnj_qVyJKQI,45101875.0
Золото!! Входы 100%. Агрессивный Скальпинг.Что такое?,Форекс - реальное понимание и торговля в плюс,33400,4478,4,https://www.youtube.com/watch?v=X89nTpGQ1cU,1248869420000.0
Как научиться торговать золото/доллар XAUUSD форекс,Пути к трейдингу,881,6855,39,https://www.youtube.com/watch?v=yqHGU5i4SUE,136425221.9230769
БЕЗУМНАЯ 1-минутная торговая стратегия скальпинга (97% WINRATE) 🤑🤑🤑,TrippaTrading русский,31300,488349,538,https://www.youtube.com/watch?v=e4kNmv-vAPQ,889276267304.8326
стратегии для золота форекс,Иван Романов,3,1,0,https://www.youtube.com/watch?v=IXTxUUzcy1U,inf
+5400 пунктов по XAUUSD — Стратегия форекс «Внутридневное золото» / Intraday Gold Forex strategy,Стратегии ФОРЕКС,13300,2360,4,https://www.youtube.com/watch?v=aBXEL4MGhkw,104365100000.0
Стратегия - Пробой дня на золоте 👌,Владимир Головатенко,1870,210,9,https://www.youtube.com/watch?v=SHIkCq_ce1I,81594333.33333331
Эффективная стратегия торговли золотом,Торговля на Форекс,12400,3922,2,https://www.youtube.com/watch?v=5NTSQx54OgY,301523360000.0
"РАБОЧАЯ СЕКРЕТНАЯ СТРАТЕГИЯ НА ЗОЛОТО ЗАПАДА, 1xbet стратегии 2021, лучшие стратегии melbet, 1xgames",Fan Slot,524,905,4,https://www.youtube.com/watch?v=Aum4wuCB17A,62122820.0
стратегии для золота форекс,Николай Комолов,2,0,0,https://www.youtube.com/watch?v=mwu6BSuIQu0,
стратегии для золота форекс,Александр Васильев,0,0,0,https://www.youtube.com/watch?v=VQfzbnw4qO0,
стратегии для золота форекс,Михаил Стоянов,1,1,0,https://www.youtube.com/watch?v=vgEMBfjbwK0,inf
📈 Простая стратегия с 80 % винрейтом!,AKIMSPACE,17100,116904,187,https://www.youtube.com/watch?v=KIQKRjxpdNY,182801597005.3476
Тест стратегии форекс «Золото форекс»,Стратегии ФОРЕКС,13300,1990,0,https://www.youtube.com/watch?v=CYVs-Y7a5Xk,inf
стратегии для золота форекс,Владислав Карпов,3,2,0,https://www.youtube.com/watch?v=ACv64enIdyw,inf
Прогноз по золоту,Войны маркет мейкеров,739,828,0,https://www.youtube.com/watch?v=0nYSlmDdia8,inf
Торговая стратегия и аналитика по Золоту GOLD,AZAforex,490,74,0,https://www.youtube.com/watch?v=vc5GQVtJwMI,inf
Играю на золото запад и на 21 очко самые лучшие стратегии,удачная ставка удачная ставка на 1xBet,21,24,0,https://www.youtube.com/watch?v=4IJGlVNz9nA,inf
стратегии для золота форекс,Дмитрий Павлов,0,7,0,https://www.youtube.com/watch?v=AOoR2FYd_EA,
стратегия для золота бинарные опционы,Аза Ушанова,6,158,0,https://www.youtube.com/watch?v=7BsK6nChljA,inf
КАК ТОРГОВАТЬ ЗОЛОТО  ТОРГОВЫЕ РЕКОМЕНДАЦИИ ПО СТРАТЕГИИ WMD С ЯНОМ СИКОРСКИМ,Ян Сикорский | Трейдинг и Инвестиции,6530,580,3,https://www.youtube.com/watch?v=zIuhxo_2FYE,8243907333.333334
